100001,Bora,Papila,5367581348,borapapila@gmail.com,Izmir Turkey
200001,Kallie,Blackwood,415-604-7609,kallie.blackwood@gmail.com,701 S Harrison Rd San Francisco San Francisco CA
200002,Johnetta,Abdallah,919-715-3791,johnetta_abdallah@aol.com,1088 Pinehurst St Chapel Hill Orange NC
200003,Micaela,Rhymes,925-522-7798,micaela_rhymes@gmail.com,20932 Hedley St Concord Contra Costa CA
200004,Tamar,Hoogland,740-526-5410,tamar@hotmail.com,2737 Pistorio Rd #9230 London Madison OH
200005,Laurel,Reitler,410-957-6903,laurel_reitler@reitler.com,6 Kains Ave Baltimore Baltimore City MD
200006,Delisa,Crupi,973-847-9611,delisa.crupi@crupi.com,47565 W Grand Ave Newark Essex NJ
200007,Viva,Toelkes,773-352-3437,viva.toelkes@gmail.com,4284 Dorigo Ln Chicago Cook IL
200008,Elza,Lipke,973-796-3667,elza@yahoo.com,6794 Lake Dr E Newark Essex NJ
200009,Devorah,Chickering,505-950-1763,devorah@hotmail.com,31 Douglas Blvd #950 Clovis Curry NM
200010,Timothy,Mulqueen,718-654-7063,timothy_mulqueen@mulqueen.org,44 W 4th St Staten Island Richmond NY
200011,Arlette,Honeywell,904-514-9918,ahoneywell@honeywell.com,11279 Loytan St Jacksonville Duval FL
200012,Dominque,Dickerson,510-901-7640,dominque.dickerson@dickerson.org,69 Marquette Ave Hayward Alameda CA
300013,Myra,Munns,817-451-3518,mmunns@cox.net,461 Prospect Pl #316 Euless Tarrant TX
300014,Slusarski,,aliveli,47154 Whipple Ave Nw Gardena Los Angeles CA,alisha@slusarski.com
300015,Tammara,Wardrip,650-216-5075,twardrip@cox.net,4800 Black Horse Pike Burlingame San Mateo CA
300016,Cory,Gibes,626-696-2777,cory.gibes@gmail.com,83649 W Belmont Ave San Gabriel Los Angeles CA
300017,Elvera,Benimadho,408-440-8447,elvera.benimadho@cox.net,99385 Charity St #840 San Jose Santa Clara CA
300018,Carma,Vanheusen,510-452-4835,carma@cox.net,68556 Central Hwy San Leandro Alameda CA
300019,Malinda,Hochard,317-472-2412,malinda.hochard@yahoo.com,55 Riverside Ave Indianapolis Marion IN
300020,Lisha,Centini,703-475-7568,lisha@centini.org,64 5th Ave #1153 Mc Lean Fairfax VA
360771,eqweqwebbbb,wqweqwekkkk,wqweqwe,eqweqweaaaa,Addressqweqweqwe
378964,zdfgzdfg,sdfgsdf,sdfgsdfg,sdfgsdfg,sdfgsdfgsdf
